JC125449,01/22/2019 11:45:00 AM,003XX E 76TH ST,143A,WEAPONS VIOLATION,UNLAWFUL POSS OF HANDGUN,STREET,Y,N,623,6,15,1179510,1854685,41.75653663,-87.617694686,"(41.75653663, -87.617694686)"
JC128052,01/17/2019 09:00:00 PM,005XX W FULLERTON PKWY,0820,THEFT,$500 AND UNDER,STREET,N,N,1812,43,06,1172284,1916220,41.925555801,-87.642362224,"(41.925555801, -87.642362224)"
JC109748,01/08/2019 04:15:00 PM,006XX S CENTRAL AVE,0484,BATTERY,PRO EMP HANDS NO/MIN INJURY,PARKING LOT/GARAGE(NON.RESID.),Y,N,1522,29,08B,1139153,1896560,41.872274452,-87.764581664,"(41.872274452, -87.764581664)"
JC151956,01/28/2019 06:25:00 PM,007XX S PULASKI RD,0910,MOTOR VEHICLE THEFT,AUTOMOBILE,PARKING LOT/GARAGE(NON.RESID.),N,N,1132,24,07,1149837,1896292,41.871338069,-87.725362645,"(41.871338069, -87.725362645)"
JC115911,01/07/2019 03:00:00 PM,001XX W BURTON PL,0890,THEFT,FROM BUILDING,RESIDENCE,N,N,1821,27,06,1174754,1910265,41.909160051,-87.633464899,"(41.909160051, -87.633464899)"
JC120659,01/11/2019 03:00:00 PM,021XX N SEMINARY AVE,0890,THEFT,FROM BUILDING,APARTMENT,N,N,1811,43,06,1168617,1914458,41.920801075,-87.655887629,"(41.920801075, -87.655887629)"
JC152314,01/22/2019 10:00:00 AM,012XX S WABASH AVE,1110,DECEPTIVE PRACTICE,BOGUS CHECK,OTHER,N,N,131,3,11,1176964,1894831,41.866758579,-87.625813935,"(41.866758579, -87.625813935)"
JC117933,01/15/2019 12:00:00 PM,012XX N HALSTED ST,0820,THEFT,$500 AND UNDER,STREET,N,N,1822,27,06,1170779,1908521,41.904462488,-87.648118305,"(41.904462488, -87.648118305)"
JC117994,01/15/2019 12:30:00 PM,006XX W CHICAGO AVE,0890,THEFT,FROM BUILDING,OTHER,N,N,1822,27,06,1172127,1905620,41.896472326,-87.643252484,"(41.896472326, -87.643252484)"
JC111220,01/10/2019 12:15:00 AM,001XX W GRAND AVE,0820,THEFT,$500 AND UNDER,STREET,N,N,1831,42,06,1175344,1903878,41.891620575,-87.63148948,"(41.891620575, -87.63148948)"
JC152430,01/14/2019 04:00:00 PM,048XX S HERMITAGE AVE,0560,ASSAULT,SIMPLE,"SCHOOL, PRIVATE, BUILDING",N,N,931,15,08A,1165496,1872603,41.806014339,-87.668545635,"(41.806014339, -87.668545635)"
JC152203,01/18/2019 04:12:00 PM,099XX S PERRY AVE,4387,OTHER OFFENSE,VIOLATE ORDER OF PROTECTION,RESIDENCE,N,Y,511,9,26,1177355,1839071,41.713738773,-87.626062536,"(41.713738773, -87.626062536)"
JC119424,01/16/2019 10:21:00 AM,004XX W DIVISION ST,0890,THEFT,FROM BUILDING,RESIDENCE,N,N,1821,27,06,1172922,1908283,41.903762161,-87.640253602,"(41.903762161, -87.640253602)"
JC115284,01/12/2019 11:30:00 AM,010XX W NORTH AVE,0890,THEFT,FROM BUILDING,APPLIANCE STORE,Y,N,1811,2,06,1169336,1910832,41.910835515,-87.653351515,"(41.910835515, -87.653351515)"
JC125364,01/12/2019 12:00:00 AM,0000X W ILLINOIS ST,0890,THEFT,FROM BUILDING,BAR OR TAVERN,N,N,1831,42,06,,,,,
JC113136,01/11/2019 03:27:00 PM,035XX S WESTERN AVE,051A,ASSAULT,AGGRAVATED: HANDGUN,STREET,Y,N,911,12,04A,1160940,1881218,41.829750417,-87.685017033,"(41.829750417, -87.685017033)"
JC152257,01/16/2019 09:00:00 AM,016XX W 102ND ST,2825,OTHER OFFENSE,HARASSMENT BY TELEPHONE,RESIDENCE,N,Y,2213,19,26,1167228,1836996,41.708266935,-87.663210549,"(41.708266935, -87.663210549)"
JC115794,01/13/2019 06:40:00 PM,028XX E 104TH ST,031A,ROBBERY,ARMED: HANDGUN,STREET,N,N,434,10,03,1196515,1836561,41.706397783,-87.555975609,"(41.706397783, -87.555975609)"
JC120200,01/15/2019 01:25:00 PM,020XX N ORCHARD ST,0890,THEFT,FROM BUILDING,"SCHOOL, PRIVATE, BUILDING",N,N,1812,43,06,1171278,1913694,41.918646522,-87.64613311,"(41.918646522, -87.64613311)"
JC128061,01/15/2019 08:00:00 AM,020XX N CLARK ST,0820,THEFT,$500 AND UNDER,STREET,N,N,1814,43,06,1173986,1913691,41.918578314,-87.636183854,"(41.918578314, -87.636183854)"
JC114717,01/12/2019 02:35:00 PM,014XX N HALSTED ST,0820,THEFT,$500 AND UNDER,PARKING LOT/GARAGE(NON.RESID.),N,N,1822,27,06,1170748,1909783,41.907926167,-87.64819515,"(41.907926167, -87.64819515)"
JC132256,01/28/2019 10:34:39 AM,038XX W JACKSON BLVD,2025,NARCOTICS,POSS: HALLUCINOGENS,RESIDENCE,Y,N,1133,28,18,1150874,1898414,41.877140857,-87.721499862,"(41.877140857, -87.721499862)"
JC152212,01/15/2019 07:00:00 PM,113XX S HARVARD AVE,1310,CRIMINAL DAMAGE,TO PROPERTY,RESIDENCE,N,N,522,34,14,1175978,1829738,41.688158594,-87.631384193,"(41.688158594, -87.631384193)"
JC116662,01/13/2019 02:00:00 PM,020XX N CLARK ST,0820,THEFT,$500 AND UNDER,STREET,N,N,1814,43,06,1173986,1913691,41.918578314,-87.636183854,"(41.918578314, -87.636183854)"
JC152062,01/24/2019 12:00:00 PM,105XX S INDIANAPOLIS AVE,1121,DECEPTIVE PRACTICE,COUNTERFEITING DOCUMENT,GROCERY FOOD STORE,N,N,432,10,10,1204806,1835681,41.703773605,-87.525645351,"(41.703773605, -87.525645351)"
JC152229,01/25/2019 05:00:00 PM,050XX S TALMAN AVE,1310,CRIMINAL DAMAGE,TO PROPERTY,STREET,N,N,923,14,14,1159559,1871085,41.801972702,-87.690362114,"(41.801972702, -87.690362114)"
JC133158,01/29/2019 01:10:00 AM,077XX S KINGSTON AVE,0486,BATTERY,DOMESTIC BATTERY SIMPLE,APARTMENT,Y,N,421,7,08B,1194536,1854063,41.754473622,-87.562648619,"(41.754473622, -87.562648619)"
JC152512,01/27/2019 05:14:00 PM,061XX W 64TH ST,0583,STALKING,CYBERSTALKING,OTHER,N,N,812,13,08A,1136646,1861456,41.775988614,-87.774624211,"(41.775988614, -87.774624211)"
JC153217,01/30/2019 12:01:00 AM,003XX E 90TH ST,2826,OTHER OFFENSE,HARASSMENT BY ELECTRONIC MEANS,RESIDENCE,N,Y,633,9,26,1179769,1845375,41.730982992,-87.617029522,"(41.730982992, -87.617029522)"
JC128974,01/25/2019 08:31:00 AM,001XX N CENTRAL AVE,2820,OTHER OFFENSE,TELEPHONE THREAT,RESIDENCE,N,N,1512,29,08A,1139023,1900544,41.883209435,-87.764962093,"(41.883209435, -87.764962093)"
JC100211,01/01/2019 02:30:00 AM,002XX W NORTH AVE,0440,BATTERY,AGG: HANDS/FIST/FEET NO/MINOR INJURY,BAR OR TAVERN,Y,N,1821,27,08B,1174220,1910988,41.911155937,-87.635404942,"(41.911155937, -87.635404942)"
JC132604,01/24/2019 01:32:00 PM,030XX N DAVLIN CT,1152,DECEPTIVE PRACTICE,ILLEGAL USE CASH CARD,APARTMENT,N,N,2523,30,11,1149840,1920165,41.936847895,-87.724729803,"(41.936847895, -87.724729803)"
JC118210,01/15/2019 05:57:00 PM,016XX W 89TH ST,0560,ASSAULT,SIMPLE,APARTMENT,Y,N,2221,21,08A,1167008,1845683,41.732110103,-87.663768788,"(41.732110103, -87.663768788)"
JC112644,01/11/2019 08:15:00 AM,0000X W 110TH ST,1152,DECEPTIVE PRACTICE,ILLEGAL USE CASH CARD,RESIDENCE,N,N,513,34,11,1177893,1832025,41.694391421,-87.624304648,"(41.694391421, -87.624304648)"
JC107416,01/06/2019 11:31:00 PM,039XX W ALTGELD ST,051A,ASSAULT,AGGRAVATED: HANDGUN,STREET,Y,N,2524,31,04A,1149537,1916331,41.926332964,-87.725943199,"(41.926332964, -87.725943199)"
JC134572,01/30/2019 01:18:00 PM,079XX S ESSEX AVE,2820,OTHER OFFENSE,TELEPHONE THREAT,RESIDENCE,N,Y,422,7,08A,1194235,1852778,41.750954875,-87.563793789,"(41.750954875, -87.563793789)"
JC104212,01/03/2019 10:27:00 PM,020XX S KILBOURN AVE,2850,PUBLIC PEACE VIOLATION,BOMB THREAT,FACTORY/MANUFACTURING BUILDING,N,N,1012,24,24,1146705,1889904,41.853868895,-87.737024414,"(41.853868895, -87.737024414)"
JC124956,01/13/2019 12:43:00 PM,006XX S INDEPENDENCE BLVD,1150,DECEPTIVE PRACTICE,CREDIT CARD FRAUD,GAS STATION,N,N,1133,24,11,1151362,1897011,41.87328131,-87.71974488,"(41.87328131, -87.71974488)"
JC117240,01/12/2019 11:00:00 AM,064XX S COTTAGE GROVE AVE,0620,BURGLARY,UNLAWFUL ENTRY,OTHER,Y,N,312,20,05,1182672,1862395,41.777620866,-87.605867698,"(41.777620866, -87.605867698)"
JC128126,01/24/2019 07:45:00 AM,081XX S MERRILL AVE,2820,OTHER OFFENSE,TELEPHONE THREAT,RESIDENCE,N,Y,414,8,08A,1191940,1851379,41.747171918,-87.572248985,"(41.747171918, -87.572248985)"
JC132693,01/28/2019 03:45:00 PM,024XX E 79TH ST,2850,PUBLIC PEACE VIOLATION,BOMB THREAT,RESTAURANT,N,N,422,7,24,1193792,1853060,41.751739567,-87.565407903,"(41.751739567, -87.565407903)"
JC130907,01/26/2019 09:02:00 PM,027XX W DEVON AVE,0325,ROBBERY,VEHICULAR HIJACKING,PARKING LOT/GARAGE(NON.RESID.),Y,N,2412,50,03,1156962,1942352,41.997588522,-87.697950684,"(41.997588522, -87.697950684)"
JC129285,01/25/2019 12:32:00 PM,015XX E 67TH ST,0340,ROBBERY,ATTEMPT: STRONGARM-NO WEAPON,DRUG STORE,Y,N,332,5,03,1187705,1860871,41.773320568,-87.587465382,"(41.773320568, -87.587465382)"
JC131759,01/26/2019 09:00:00 PM,068XX S RIDGELAND AVE,0281,CRIM SEXUAL ASSAULT,NON-AGGRAVATED,RESIDENCE,Y,Y,332,5,02,1189044,1860038,41.771002776,-87.582583655,"(41.771002776, -87.582583655)"
JC106299,01/05/2019 08:22:00 PM,002XX E HURON ST,0484,BATTERY,PRO EMP HANDS NO/MIN INJURY,HOSPITAL BUILDING/GROUNDS,Y,N,1834,42,08B,1178046,1905133,41.895003278,-87.62152816,"(41.895003278, -87.62152816)"
JC114482,01/12/2019 02:30:00 PM,037XX W WILSON AVE,2820,OTHER OFFENSE,TELEPHONE THREAT,RESIDENCE,N,N,1723,35,08A,1150619,1930308,41.964665839,-87.721600782,"(41.964665839, -87.721600782)"
JC127413,01/23/2019 06:00:00 PM,068XX N SEELEY AVE,1320,CRIMINAL DAMAGE,TO VEHICLE,PARKING LOT/GARAGE(NON.RESID.),Y,N,2411,50,14,1161304,1945319,42.005640538,-87.681895033,"(42.005640538, -87.681895033)"
JC134721,01/30/2019 04:58:00 PM,075XX S INDIANA AVE,0486,BATTERY,DOMESTIC BATTERY SIMPLE,RESIDENCE,Y,Y,623,6,08B,1178903,1855001,41.757417604,-87.619909605,"(41.757417604, -87.619909605)"
JC125425,01/07/2019 12:55:00 PM,061XX N MOZART ST,1130,DECEPTIVE PRACTICE,FRAUD OR CONFIDENCE GAME,RESIDENCE,N,N,2413,50,11,1156229,1940611,41.992826037,-87.700694442,"(41.992826037, -87.700694442)"
JC131929,01/27/2019 09:45:00 PM,035XX S MICHIGAN AVE,3960,INTIMIDATION,INTIMIDATION,VEHICLE NON-COMMERCIAL,N,N,213,3,08A,1177772,1881665,41.830611847,-87.623247369,"(41.830611847, -87.623247369)"
JC117149,01/14/2019 08:15:00 PM,069XX S CRANDON AVE,0930,MOTOR VEHICLE THEFT,THEFT/RECOVERY: AUTOMOBILE,STREET,Y,N,331,5,07,1192521,1859491,41.769417774,-87.569856281,"(41.769417774, -87.569856281)"
JC134825,01/29/2019 02:00:00 AM,075XX S INDIANA AVE,0281,CRIM SEXUAL ASSAULT,NON-AGGRAVATED,RESIDENCE,Y,Y,623,6,02,1178903,1855015,41.757456021,-87.619909179,"(41.757456021, -87.619909179)"
JC125685,01/22/2019 01:00:00 PM,049XX S ARCHER AVE,0460,BATTERY,SIMPLE,"SCHOOL, PUBLIC, BUILDING",Y,N,821,14,08B,1150934,1871470,41.803201891,-87.72198373,"(41.803201891, -87.72198373)"
JC123162,01/20/2019 02:11:00 AM,067XX S HONORE ST,041A,BATTERY,AGGRAVATED: HANDGUN,RESIDENCE,Y,N,726,16,04B,1165178,1859995,41.771423151,-87.670068676,"(41.771423151, -87.670068676)"
JC136208,01/31/2019 10:00:00 PM,089XX S ASHLAND AVE,1150,DECEPTIVE PRACTICE,CREDIT CARD FRAUD,GAS STATION,N,N,2221,21,11,1167240,1845333,41.731144695,-87.66292886,"(41.731144695, -87.66292886)"
JC111075,01/09/2019 05:00:00 PM,002XX N MASON AVE,4387,OTHER OFFENSE,VIOLATE ORDER OF PROTECTION,APARTMENT,Y,Y,1512,29,26,1136729,1901071,41.884696976,-87.773373307,"(41.884696976, -87.773373307)"
JC114828,01/12/2019 09:00:00 PM,075XX N PAULINA ST,051A,ASSAULT,AGGRAVATED: HANDGUN,SIDEWALK,Y,N,2422,49,04A,1163642,1950114,42.018748975,-87.673157281,"(42.018748975, -87.673157281)"
JC123150,01/20/2019 01:13:00 AM,003XX N HOMAN AVE,0454,BATTERY,AGG PO HANDS NO/MIN INJURY,STREET,Y,N,1123,28,08B,1153656,1902068,41.887112934,-87.711187837,"(41.887112934, -87.711187837)"
JC133875,01/29/2019 09:00:00 AM,003XX S WESTERN AVE,1750,OFFENSE INVOLVING CHILDREN,CHILD ABUSE,RESIDENCE,Y,Y,1125,27,08B,1160451,1898423,41.87697283,-87.68633554,"(41.87697283, -87.68633554)"
JC129038,01/25/2019 08:45:00 AM,016XX W JACKSON BLVD,5001,OTHER OFFENSE,OTHER CRIME INVOLVING PROPERTY,HOTEL/MOTEL,Y,N,1231,27,26,1165553,1898694,41.877609409,-87.667594837,"(41.877609409, -87.667594837)"
JC130680,01/26/2019 02:00:00 PM,056XX W ROOSEVELT RD,1152,DECEPTIVE PRACTICE,ILLEGAL USE CASH CARD,RESTAURANT,N,N,1513,29,11,1139006,1894121,41.865584176,-87.765180641,"(41.865584176, -87.765180641)"
JC107463,01/04/2019 07:59:00 PM,027XX N MILWAUKEE AVE,2826,OTHER OFFENSE,HARASSMENT BY ELECTRONIC MEANS,BAR OR TAVERN,Y,N,1412,35,26,1153804,1917985,41.93078766,-87.710219712,"(41.93078766, -87.710219712)"
JC107272,01/06/2019 02:45:00 PM,025XX S MICHIGAN AVE,0545,ASSAULT,PRO EMP HANDS NO/MIN INJURY,HOSPITAL BUILDING/GROUNDS,Y,N,133,4,08A,1177647,1887564,41.846801978,-87.623527134,"(41.846801978, -87.623527134)"
JC101959,01/02/2019 03:31:00 PM,027XX N DRAKE AVE,0326,ROBBERY,AGGRAVATED VEHICULAR HIJACKING,RESIDENCE-GARAGE,Y,N,1412,35,03,1152246,1917957,41.930741754,-87.715945805,"(41.930741754, -87.715945805)"
JC154749,01/09/2019 10:00:00 AM,005XX E 90TH ST,2825,OTHER OFFENSE,HARASSMENT BY TELEPHONE,RESIDENCE,N,N,633,9,26,1181338,1845421,41.731073247,-87.611280355,"(41.731073247, -87.611280355)"
JC155341,01/31/2019 07:00:00 AM,048XX S CHICAGO BEACH DR,0460,BATTERY,SIMPLE,APARTMENT,N,N,222,4,08B,1187888,1873183,41.807101267,-87.586402447,"(41.807101267, -87.586402447)"
JC134849,01/29/2019 04:30:00 PM,072XX S COLES AVE,0620,BURGLARY,UNLAWFUL ENTRY,APARTMENT,N,N,334,7,05,1194420,1857700,41.764456674,-87.562954355,"(41.764456674, -87.562954355)"
JC109929,01/08/2019 08:30:00 PM,042XX W WILCOX ST,031A,ROBBERY,ARMED: HANDGUN,ABANDONED BUILDING,Y,N,1115,28,03,1148126,1898998,41.878796732,-87.731574779,"(41.878796732, -87.731574779)"
JC117456,01/14/2019 09:00:00 AM,065XX S TALMAN AVE,1581,SEX OFFENSE,NON-CONSENSUAL DISSEMINATION PRIVATE SEXUAL IMAGES,RESIDENCE,N,Y,831,17,17,1159834,1861175,41.774772663,-87.689625681,"(41.774772663, -87.689625681)"
JC132804,01/19/2019 11:00:00 PM,102XX S AVENUE M,0486,BATTERY,DOMESTIC BATTERY SIMPLE,STREET,N,Y,432,10,08B,1201495,1837768,41.709585083,-87.537698669,"(41.709585083, -87.537698669)"
JC153787,01/25/2019 06:30:00 AM,028XX S ST LOUIS AVE,0820,THEFT,$500 AND UNDER,STREET,N,N,1032,22,06,1153493,1884992,41.840257718,-87.712240089,"(41.840257718, -87.712240089)"
JC153976,01/30/2019 11:00:00 AM,024XX W THORNDALE AVE,1750,OFFENSE INVOLVING CHILDREN,CHILD ABUSE,APARTMENT,N,N,2011,40,08B,1158821,1939098,41.988621364,-87.691201861,"(41.988621364, -87.691201861)"
JC124316,01/19/2019 12:00:00 PM,064XX S HONORE ST,0610,BURGLARY,FORCIBLE ENTRY,RESIDENCE,N,N,726,15,05,1165121,1861908,41.776673882,-87.670223549,"(41.776673882, -87.670223549)"
JC154915,01/19/2019 02:00:00 PM,023XX N ELSTON AVE,1206,DECEPTIVE PRACTICE,"THEFT BY LESSEE,MOTOR VEH",COMMERCIAL / BUSINESS OFFICE,N,N,1432,32,11,1163254,1915486,41.923736539,-87.675563413,"(41.923736539, -87.675563413)"
JC156017,01/16/2019 08:00:00 PM,030XX N CLARK ST,1150,DECEPTIVE PRACTICE,CREDIT CARD FRAUD,RESTAURANT,N,N,1934,44,11,1170624,1920402,41.937067941,-87.648339055,"(41.937067941, -87.648339055)"
JC156016,01/16/2019 08:00:00 PM,030XX N CLARK ST,0820,THEFT,$500 AND UNDER,RESTAURANT,N,N,1934,44,06,1170624,1920402,41.937067941,-87.648339055,"(41.937067941, -87.648339055)"
JC137016,01/31/2019 09:00:00 PM,044XX N CLIFTON AVE,1581,SEX OFFENSE,NON-CONSENSUAL DISSEMINATION PRIVATE SEXUAL IMAGES,APARTMENT,N,Y,1913,46,17,1167846,1929624,41.962433949,-87.658281613,"(41.962433949, -87.658281613)"
JC153384,01/07/2019 09:10:00 AM,0000X W MONROE ST,2825,OTHER OFFENSE,HARASSMENT BY TELEPHONE,OTHER,N,N,112,42,26,1175804,1899905,41.880708104,-87.629919733,"(41.880708104, -87.629919733)"
JC124462,01/21/2019 01:00:00 PM,032XX W 53RD ST,0810,THEFT,OVER $500,APARTMENT,N,N,822,14,06,1155721,1869301,41.797155079,-87.704485574,"(41.797155079, -87.704485574)"
JC153533,01/16/2019 06:00:00 PM,063XX N NORMANDY AVE,1121,DECEPTIVE PRACTICE,COUNTERFEITING DOCUMENT,OTHER,N,N,1611,41,10,1130918,1941769,41.996479039,-87.793771864,"(41.996479039, -87.793771864)"
JC153303,01/08/2019 12:01:00 AM,035XX W WALNUT ST,1153,DECEPTIVE PRACTICE,FINANCIAL IDENTITY THEFT OVER $ 300,RESIDENCE,N,N,1123,28,11,1152821,1901467,41.8854803,-87.714270133,"(41.8854803, -87.714270133)"
JC155767,01/08/2019 10:40:00 AM,0000X W TERMINAL ST,0820,THEFT,$500 AND UNDER,AIRCRAFT,N,N,1651,41,06,1100317,1935229,41.979006297,-87.906463155,"(41.979006297, -87.906463155)"
JC153517,01/29/2019 08:00:00 PM,037XX S WABASH AVE,0460,BATTERY,SIMPLE,APARTMENT,N,N,213,3,08B,1177347,1880006,41.826069047,-87.624856894,"(41.826069047, -87.624856894)"
JC123236,01/20/2019 05:45:00 AM,040XX W 59TH ST,0820,THEFT,$500 AND UNDER,CONVENIENCE STORE,Y,N,813,23,06,1150629,1865174,41.785930664,-87.723266186,"(41.785930664, -87.723266186)"
JC135159,01/30/2019 05:30:00 PM,069XX S WABASH AVE,0610,BURGLARY,FORCIBLE ENTRY,APARTMENT,N,N,322,6,05,1177926,1858960,41.768303717,-87.623370395,"(41.768303717, -87.623370395)"
JC153903,01/01/2019 12:01:00 AM,061XX N DRAKE AVE,1130,DECEPTIVE PRACTICE,FRAUD OR CONFIDENCE GAME,RESIDENCE,N,N,1711,50,11,1151603,1940528,41.992690797,-87.717712796,"(41.992690797, -87.717712796)"
JC155990,01/27/2019 12:00:00 PM,063XX S SANGAMON ST,1562,SEX OFFENSE,AGG CRIMINAL SEXUAL ABUSE,RESIDENCE,N,N,723,16,17,1171068,1862678,41.778658948,-87.648399635,"(41.778658948, -87.648399635)"
JC100105,01/01/2019 01:30:00 AM,016XX W SHERWIN AVE,1581,SEX OFFENSE,NON-CONSENSUAL DISSEMINATION PRIVATE SEXUAL IMAGES,RESIDENCE,N,Y,2423,49,17,1164265,1948722,42.014916096,-87.670904385,"(42.014916096, -87.670904385)"
JC153789,01/03/2019 01:30:00 PM,049XX W POTOMAC AVE,1153,DECEPTIVE PRACTICE,FINANCIAL IDENTITY THEFT OVER $ 300,RESIDENCE,N,N,2533,37,11,1143134,1908196,41.90413171,-87.749674916,"(41.90413171, -87.749674916)"
JC153333,01/05/2019 12:00:00 AM,006XX N WELLS ST,1154,DECEPTIVE PRACTICE,FINANCIAL IDENTITY THEFT $300 AND UNDER,OTHER,N,N,1832,42,11,1174622,1904579,41.893560332,-87.634120048,"(41.893560332, -87.634120048)"
JC117672,01/10/2019 04:30:00 PM,055XX W GRAND AVE,1130,DECEPTIVE PRACTICE,FRAUD OR CONFIDENCE GAME,POLICE FACILITY/VEH PARKING LOT,N,N,2515,37,11,1138788,1913480,41.918711651,-87.76551063,"(41.918711651, -87.76551063)"
JC154032,01/20/2019 05:00:00 PM,076XX S CICERO AVE,0281,CRIM SEXUAL ASSAULT,NON-AGGRAVATED,RESIDENCE PORCH/HALLWAY,N,N,833,18,02,1145727,1853720,41.754592961,-87.741528537,"(41.754592961, -87.741528537)"
JC153572,01/30/2019 11:30:00 AM,003XX E 51ST ST,0880,THEFT,PURSE-SNATCHING,CTA TRAIN,N,N,224,3,06,1179102,1871273,41.802065071,-87.618684697,"(41.802065071, -87.618684697)"
JC155887,01/28/2019 12:00:00 PM,043XX N KEDZIE AVE,1150,DECEPTIVE PRACTICE,CREDIT CARD FRAUD,DRUG STORE,N,N,1724,33,11,1154271,1928711,41.960211239,-87.708216117,"(41.960211239, -87.708216117)"
JC119701,01/16/2019 08:00:00 PM,039XX N KIMBALL AVE,1170,DECEPTIVE PRACTICE,IMPERSONATION,SMALL RETAIL STORE,Y,N,1733,33,11,1153024,1926058,41.952956098,-87.712871328,"(41.952956098, -87.712871328)"
JC154573,01/10/2019 09:15:00 AM,102XX S GREEN ST,0890,THEFT,FROM BUILDING,APARTMENT,N,N,2232,34,06,1172458,1836896,41.707879237,-87.644060898,"(41.707879237, -87.644060898)"
JC154453,01/23/2019 08:00:00 PM,023XX W HURON ST,0810,THEFT,OVER $500,RESIDENCE,N,N,1221,1,06,1160780,1904616,41.89396015,-87.684955744,"(41.89396015, -87.684955744)"
JC155698,01/09/2019 09:00:00 AM,130XX S MARQUETTE AVE,1152,DECEPTIVE PRACTICE,ILLEGAL USE CASH CARD,RESIDENCE,N,N,433,10,11,1196435,1819083,41.658438247,-87.556845401,"(41.658438247, -87.556845401)"
JC148558,01/11/2019 02:00:00 PM,043XX W WASHINGTON BLVD,1581,SEX OFFENSE,NON-CONSENSUAL DISSEMINATION PRIVATE SEXUAL IMAGES,"SCHOOL, PRIVATE, BUILDING",N,N,1115,28,17,1147484,1900142,41.881948328,-87.733902763,"(41.881948328, -87.733902763)"
JC155842,01/30/2019 09:00:00 AM,120XX S LAFAYETTE AVE,1156,DECEPTIVE PRACTICE,ATTEMPT - FINANCIAL IDENTITY THEFT,RESIDENCE,N,N,523,9,11,1178097,1824952,41.674977448,-87.623771039,"(41.674977448, -87.623771039)"
JC134224,01/29/2019 12:00:00 AM,015XX N KEDVALE AVE,1750,OFFENSE INVOLVING CHILDREN,CHILD ABUSE,RESIDENCE,N,Y,2534,26,08B,1148432,1909983,41.908934854,-87.730167646,"(41.908934854, -87.730167646)"
JC153401,01/12/2019 09:00:00 AM,015XX S ST LOUIS AVE,0910,MOTOR VEHICLE THEFT,AUTOMOBILE,VACANT LOT/LAND,N,N,1021,24,07,1153288,1892198,41.860035905,-87.712801279,"(41.860035905, -87.712801279)"
JC155668,01/15/2019 08:00:00 PM,064XX S LOCKWOOD AVE,2825,OTHER OFFENSE,HARASSMENT BY TELEPHONE,RESIDENCE,N,Y,813,13,26,1142168,1861202,41.775191362,-87.754386886,"(41.775191362, -87.754386886)"
JC153588,01/30/2019 02:31:00 PM,092XX S RACINE AVE,0810,THEFT,OVER $500,RESIDENCE,N,N,2222,21,06,1169948,1843488,41.72602344,-87.653061882,"(41.72602344, -87.653061882)"
JC156174,01/19/2019 09:00:00 AM,012XX W 47TH ST,2820,OTHER OFFENSE,TELEPHONE THREAT,RESIDENCE,N,N,933,20,08A,1169033,1873620,41.80872929,-87.655543811,"(41.80872929, -87.655543811)"
JC156398,01/20/2019 09:00:00 AM,022XX W 72ND ST,1210,DECEPTIVE PRACTICE,THEFT OF LABOR/SERVICES,RESIDENCE,N,N,832,18,11,1162525,1856876,41.762919907,-87.679880565,"(41.762919907, -87.679880565)"
JC103318,01/02/2019 03:00:00 PM,011XX W JACKSON BLVD,1150,DECEPTIVE PRACTICE,CREDIT CARD FRAUD,DEPARTMENT STORE,N,N,1232,25,11,1168933,1898798,41.877822179,-87.655181405,"(41.877822179, -87.655181405)"
JC134856,01/30/2019 08:30:00 PM,006XX W DIVISION ST,1581,SEX OFFENSE,NON-CONSENSUAL DISSEMINATION PRIVATE SEXUAL IMAGES,APARTMENT,N,N,1822,27,17,1171881,1908252,41.903700111,-87.644078325,"(41.903700111, -87.644078325)"
JC155635,01/12/2019 08:00:00 PM,014XX N SEDGWICK ST,0560,ASSAULT,SIMPLE,APARTMENT,N,N,1821,27,08A,1173383,1909988,41.908430535,-87.638509526,"(41.908430535, -87.638509526)"
JC129782,01/25/2019 07:47:00 PM,004XX W EUGENIE ST,0460,BATTERY,SIMPLE,STREET,N,N,1813,43,08B,1173189,1911606,41.912874717,-87.639174076,"(41.912874717, -87.639174076)"
JC129682,01/25/2019 04:30:00 PM,130XX S CARONDOLET AVE,0498,BATTERY,AGGRAVATED DOMESTIC BATTERY: HANDS/FIST/FEET SERIOUS INJURY,RESIDENCE,N,Y,433,10,04B,1198430,1819025,41.658229538,-87.549547312,"(41.658229538, -87.549547312)"
JC108533,01/07/2019 07:50:00 PM,015XX N SEDGWICK ST,0820,THEFT,$500 AND UNDER,CTA TRAIN,Y,N,1821,2,06,1173364,1910604,41.910121292,-87.638560993,"(41.910121292, -87.638560993)"
JC148486,01/17/2019 06:00:00 PM,049XX W HARRISON ST,1581,SEX OFFENSE,NON-CONSENSUAL DISSEMINATION PRIVATE SEXUAL IMAGES,RESIDENCE,N,Y,1533,29,17,1143680,1896882,41.873074546,-87.747952807,"(41.873074546, -87.747952807)"
JC153376,01/30/2019 03:17:00 PM,017XX W HOWARD ST,1153,DECEPTIVE PRACTICE,FINANCIAL IDENTITY THEFT OVER $ 300,GROCERY FOOD STORE,N,N,2422,49,11,1163126,1950347,42.019399237,-87.675049485,"(42.019399237, -87.675049485)"
JC126025,01/22/2019 10:42:00 AM,062XX S HAMLIN AVE,1581,SEX OFFENSE,NON-CONSENSUAL DISSEMINATION PRIVATE SEXUAL IMAGES,"SCHOOL, PUBLIC, BUILDING",N,N,823,23,17,1152108,1863143,41.780328363,-87.717896689,"(41.780328363, -87.717896689)"
JC135821,01/31/2019 08:40:00 PM,026XX W LITHUANIAN PLAZA CT,0810,THEFT,OVER $500,APARTMENT,N,Y,831,17,06,1159806,1858791,41.768231198,-87.689793719,"(41.768231198, -87.689793719)"
JC155605,01/22/2019 05:30:00 AM,021XX W 21ST PL,0890,THEFT,FROM BUILDING,RESIDENCE,N,N,1234,25,06,1162500,1889721,41.853051095,-87.679055736,"(41.853051095, -87.679055736)"
JC127327,01/23/2019 07:30:00 PM,050XX S KNOX AVE,0330,ROBBERY,AGGRAVATED,SIDEWALK,N,N,815,14,03,1146208,1870903,41.80173689,-87.739330816,"(41.80173689, -87.739330816)"
JC153939,01/13/2019 04:00:00 PM,037XX W LYNDALE ST,0890,THEFT,FROM BUILDING,APARTMENT,N,N,2525,35,06,1151039,1914695,41.921814309,-87.720466978,"(41.921814309, -87.720466978)"
JC153473,01/01/2019 07:00:00 AM,048XX S HERMITAGE AVE,2826,OTHER OFFENSE,HARASSMENT BY ELECTRONIC MEANS,"SCHOOL, PUBLIC, GROUNDS",N,N,931,15,26,1165496,1872583,41.805959456,-87.668546202,"(41.805959456, -87.668546202)"
JC106182,01/05/2019 06:15:00 PM,003XX N WELLS ST,0810,THEFT,OVER $500,CTA STATION,Y,N,1831,42,06,1174672,1902829,41.888757117,-87.633988801,"(41.888757117, -87.633988801)"
JC153410,01/15/2019 08:00:00 AM,021XX W ARTHUR AVE,0890,THEFT,FROM BUILDING,APARTMENT,N,N,2412,50,06,1161015,1943137,41.999659094,-87.683019265,"(41.999659094, -87.683019265)"
JC156968,01/10/2019 09:00:00 AM,024XX W WALTON ST,0890,THEFT,FROM BUILDING,RESIDENCE-GARAGE,N,N,1212,26,06,1159965,1906249,41.8984581,-87.687903858,"(41.8984581, -87.687903858)"
JC126746,01/22/2019 06:00:00 PM,008XX W JACKSON BLVD,0610,BURGLARY,FORCIBLE ENTRY,APARTMENT,N,N,1232,2,05,1170571,1898846,41.877918222,-87.649165712,"(41.877918222, -87.649165712)"
JC137667,01/30/2019 08:00:00 AM,018XX W 19TH ST,0820,THEFT,$500 AND UNDER,APARTMENT,N,N,1234,25,06,1164507,1890772,41.855892938,-87.671659664,"(41.855892938, -87.671659664)"
JC157096,01/24/2019 07:00:00 PM,075XX N DAMEN AVE,0560,ASSAULT,SIMPLE,PARKING LOT/GARAGE(NON.RESID.),N,N,2424,49,08A,1161660,1950010,42.018505314,-87.680453649,"(42.018505314, -87.680453649)"
JC134516,01/25/2019 06:15:00 PM,0000X E 87TH ST,1790,OFFENSE INVOLVING CHILDREN,CHILD ABDUCTION,PARKING LOT/GARAGE(NON.RESID.),N,N,632,9,26,1178069,1847315,41.736345248,-87.623198545,"(41.736345248, -87.623198545)"
JC131922,01/27/2019 09:58:00 PM,078XX S BENNETT AVE,031A,ROBBERY,ARMED: HANDGUN,SIDEWALK,Y,N,414,8,03,1190227,1853466,41.752940239,-87.578458689,"(41.752940239, -87.578458689)"
JC126342,01/23/2019 12:22:00 AM,035XX S RHODES AVE,2820,OTHER OFFENSE,TELEPHONE THREAT,RESIDENCE,N,N,212,4,08A,1180172,1881335,41.829651528,-87.614451899,"(41.829651528, -87.614451899)"
JC156846,01/19/2019 11:30:00 AM,037XX N BROADWAY,1206,DECEPTIVE PRACTICE,"THEFT BY LESSEE,MOTOR VEH",OTHER,N,N,1925,46,11,1170498,1924987,41.949652123,-87.648667528,"(41.949652123, -87.648667528)"
JC156972,01/15/2019 10:45:00 AM,002XX N MASON AVE,0820,THEFT,$500 AND UNDER,APARTMENT,N,N,1512,29,06,1136729,1901088,41.884743626,-87.773372899,"(41.884743626, -87.773372899)"
JC156674,01/23/2019 10:00:00 AM,013XX W 52ND ST,0890,THEFT,FROM BUILDING,RESIDENCE,N,N,934,20,06,1168408,1870284,41.799588439,-87.657932325,"(41.799588439, -87.657932325)"
JC156786,01/31/2019 05:00:00 PM,109XX S DOTY AVE E,1320,CRIMINAL DAMAGE,TO VEHICLE,PARKING LOT/GARAGE(NON.RESID.),N,N,513,10,14,1185667,1832643,41.695908161,-87.595822806,"(41.695908161, -87.595822806)"
JC121569,01/18/2019 12:45:00 PM,059XX S ASHLAND AVE,5011,OTHER OFFENSE,LICENSE VIOLATION,OTHER,N,N,713,16,26,1166688,1865358,41.786107815,-87.664380592,"(41.786107815, -87.664380592)"
JC126516,01/22/2019 04:00:00 PM,044XX S ARTESIAN AVE,1750,OFFENSE INVOLVING CHILDREN,CHILD ABUSE,RESIDENCE,N,Y,922,15,08B,1160763,1875175,41.813171374,-87.685833533,"(41.813171374, -87.685833533)"
JC111002,01/08/2019 07:50:00 PM,034XX W MARQUETTE RD,143A,WEAPONS VIOLATION,UNLAWFUL POSS OF HANDGUN,STREET,Y,N,831,23,15,1154609,1859973,41.771579914,-87.708811912,"(41.771579914, -87.708811912)"
JC157075,01/06/2019 09:00:00 AM,066XX S STONY ISLAND AVE,1153,DECEPTIVE PRACTICE,FINANCIAL IDENTITY THEFT OVER $ 300,BANK,N,N,321,5,11,1188019,1861082,41.773892091,-87.58630763,"(41.773892091, -87.58630763)"
